Model,Time,Cost
Original Model,0.006753,0.0237696305716163
Transform 1,0.007033,0.026597643813779295
Transform 2,0.007072,0.029137951823501828
Transform 3,0.006931,0.028336809511033203